{
  "n": 189,
  "overall_accuracy": 0.8942,
  "overall_ci": [
    0.8422,
    0.9304
  ],
  "cohens_kappa": 0.8668,
  "per_class": {
    "present": {
      "n": 62,
      "correct": 49,
      "accuracy": 0.7903225806451613,
      "ci_low": 0.6736054886034556,
      "ci_high": 0.8731612971368666
    },
    "absent": {
      "n": 51,
      "correct": 49,
      "accuracy": 0.9607843137254902,
      "ci_low": 0.8678345101373474,
      "ci_high": 0.9891791437312488
    },
    "possible": {
      "n": 15,
      "correct": 15,
      "accuracy": 1.0,
      "ci_low": 0.7961107336956521,
      "ci_high": 1.0
    },
    "historical": {
      "n": 28,
      "correct": 28,
      "accuracy": 1.0,
      "ci_low": 0.8793527963418923,
      "ci_high": 1.0
    },
    "conditional": {
      "n": 19,
      "correct": 15,
      "accuracy": 0.7894736842105263,
      "ci_low": 0.5666528575973392,
      "ci_high": 0.9149246150840843
    },
    "hypothetical": {
      "n": 4,
      "correct": 4,
      "accuracy": 1.0,
      "ci_low": 0.5100999795960008,
      "ci_high": 1.0
    },
    "family_history": {
      "n": 10,
      "correct": 9,
      "accuracy": 0.9,
      "ci_low": 0.5958436145024278,
      "ci_high": 0.9821242504842788
    }
  },
  "confusion_matrix": {
    "labels": [
      "present",
      "absent",
      "possible",
      "historical",
      "conditional",
      "hypothetical",
      "family_history"
    ],
    "matrix": [
      [
        49,
        1,
        11,
        0,
        0,
        0,
        1
      ],
      [
        0,
        49,
        1,
        1,
        0,
        0,
        0
      ],
      [
        0,
        0,
        15,
        0,
        0,
        0,
        0
      ],
      [
        0,
        0,
        0,
        28,
        0,
        0,
        0
      ],
      [
        1,
        0,
        3,
        0,
        15,
        0,
        0
      ],
      [
        0,
        0,
        0,
        0,
        0,
        4,
        0
      ],
      [
        0,
        0,
        0,
        1,
        0,
        0,
        9
      ]
    ]
  },
  "error_patterns": {
    "possible -> present": 11,
    "possible -> conditional": 3,
    "present -> conditional": 1,
    "absent -> present": 1,
    "possible -> absent": 1,
    "historical -> family_history": 1,
    "historical -> absent": 1,
    "family_history -> present": 1
  },
  "classification_report": {
    "present": {
      "precision": 0.98,
      "recall": 0.7903225806451613,
      "f1-score": 0.875,
      "support": 62.0
    },
    "absent": {
      "precision": 0.98,
      "recall": 0.9607843137254902,
      "f1-score": 0.9702970297029703,
      "support": 51.0
    },
    "possible": {
      "precision": 0.5,
      "recall": 1.0,
      "f1-score": 0.6666666666666666,
      "support": 15.0
    },
    "historical": {
      "precision": 0.9333333333333333,
      "recall": 1.0,
      "f1-score": 0.9655172413793104,
      "support": 28.0
    },
    "conditional": {
      "precision": 1.0,
      "recall": 0.7894736842105263,
      "f1-score": 0.8823529411764706,
      "support": 19.0
    },
    "hypothetical": {
      "precision": 1.0,
      "recall": 1.0,
      "f1-score": 1.0,
      "support": 4.0
    },
    "family_history": {
      "precision": 0.9,
      "recall": 0.9,
      "f1-score": 0.9,
      "support": 10.0
    },
    "accuracy": 0.8941798941798942,
    "macro avg": {
      "precision": 0.8990476190476191,
      "recall": 0.9200829397973112,
      "f1-score": 0.8942619827036312,
      "support": 189.0
    },
    "weighted avg": {
      "precision": 0.9331922398589065,
      "recall": 0.8941798941798942,
      "f1-score": 0.902298080189551,
      "support": 189.0
    }
  }
}