{
  "benchmark": "ClinicalIntelligenceBench",
  "llm_model": "alibayram/medgemma:27b",
  "total_questions": 26,
  "task_counts": {
    "task_a": 13,
    "task_b": 13
  },
  "total_duration_s": 1430.0320756499996,
  "conditions": {
    "C1_llm_alone": {
      "label": "LLM Alone",
      "accuracy": 0.4230769230769231,
      "correct": 11,
      "total": 26,
      "safety": 0.4365079365079365,
      "category_accuracies": {
        "negation": 0.8333333333333334,
        "conditional": 0.5,
        "uncertainty": 0.4,
        "sequence": 1.0,
        "current_state": 0.0,
        "duration": 0.0,
        "historical": 0.14285714285714285
      }
    },
    "C2_vanilla_rag": {
      "label": "LLM + Vanilla RAG",
      "accuracy": 0.5384615384615384,
      "correct": 14,
      "total": 26,
      "safety": 0.626984126984127,
      "category_accuracies": {
        "negation": 1.0,
        "conditional": 0.5,
        "uncertainty": 0.0,
        "sequence": 1.0,
        "current_state": 0.6666666666666666,
        "duration": 1.0,
        "historical": 0.2857142857142857
      }
    },
    "C3_kg_rag": {
      "label": "LLM + KG-RAG",
      "accuracy": 0.6153846153846154,
      "correct": 16,
      "total": 26,
      "safety": 0.6984126984126984,
      "category_accuracies": {
        "negation": 1.0,
        "conditional": 0.0,
        "uncertainty": 0.0,
        "sequence": 1.0,
        "current_state": 0.6666666666666666,
        "duration": 1.0,
        "historical": 0.7142857142857143
      }
    },
    "C4_epistemic_kg_rag": {
      "label": "LLM + Epistemic KG-RAG",
      "accuracy": 0.6153846153846154,
      "correct": 16,
      "total": 26,
      "safety": 0.6984126984126984,
      "category_accuracies": {
        "negation": 1.0,
        "conditional": 0.0,
        "uncertainty": 0.0,
        "sequence": 1.0,
        "current_state": 0.6666666666666666,
        "duration": 1.0,
        "historical": 0.7142857142857143
      }
    },
    "C5_full_system": {
      "label": "Full System",
      "accuracy": 0.5769230769230769,
      "correct": 15,
      "total": 26,
      "safety": 0.6587301587301587,
      "category_accuracies": {
        "negation": 1.0,
        "conditional": 0.5,
        "uncertainty": 0.0,
        "sequence": 1.0,
        "current_state": 0.3333333333333333,
        "duration": 1.0,
        "historical": 0.5714285714285714
      }
    }
  }
}